timestamp,mango_id,quality_grade,suggested_channel,maturity_label,reference_brix_range,rot_status,final_status,consistency_label,stable_frames,yolo_label,yolo_confidence,reason
2026-07-18 02:15:14,36,C级,复检通道,过熟,12-16 Brix,疑似腐烂,需要复检,高,8,mango_overripe,0.7097,芒果#36连续检测8帧; 多帧稳定性高; 视觉判断mango_overripe; 未读取到光谱数据; 成熟度=过熟; 糖度=中等; 腐烂=疑似腐烂
2026-07-18 02:15:17,37,C级,复检通道,过熟,12-16 Brix,疑似腐烂,需要复检,高,21,mango_overripe,0.6937,芒果#37连续检测21帧; 多帧稳定性高; 视觉判断mango_overripe; 未读取到光谱数据; 成熟度=过熟; 糖度=中等; 腐烂=疑似腐烂
2026-07-18 02:15:21,38,C级,复检通道,过熟,12-16 Brix,疑似腐烂,需要复检,高,35,mango_overripe,0.5898,芒果#38连续检测35帧; 多帧稳定性高; 视觉判断mango_overripe; 未读取到光谱数据; 成熟度=过熟; 糖度=中等; 腐烂=疑似腐烂
2026-07-18 02:15:31,39,C级,复检通道,过熟,12-16 Brix,疑似腐烂,需要复检,高,40,mango_overripe,0.6775,芒果#39连续检测40帧; 多帧稳定性高; 视觉判断mango_overripe; 未读取到光谱数据; 成熟度=过熟; 糖度=中等; 腐烂=疑似腐烂
2026-07-18 02:15:38,40,C级,复检通道,成熟,12-16 Brix,疑似腐烂,需要复检,高,40,mango_ripe,0.8377,芒果#40连续检测40帧; 多帧稳定性高; 视觉判断mango_ripe; 未读取到光谱数据; 成熟度=成熟; 糖度=中等; 腐烂=疑似腐烂
2026-07-18 02:16:03,41,剔除,剔除通道,成熟,不建议参考,腐烂/建议剔除,建议剔除,中,28,mango_ripe,0.6150,芒果#41连续检测28帧; 多帧稳定性中; 视觉判断mango_ripe; 未读取到光谱数据; 成熟度=成熟; 糖度=过熟异常，糖度参考不可靠; 腐烂=腐烂/建议剔除
2026-07-18 02:16:25,42,剔除,剔除通道,成熟,不建议参考,腐烂/建议剔除,建议剔除,高,30,mango_ripe,0.8641,芒果#42连续检测30帧; 多帧稳定性高; 视觉判断mango_ripe; 未读取到光谱数据; 成熟度=成熟; 糖度=过熟异常，糖度参考不可靠; 腐烂=腐烂/建议剔除
2026-07-18 02:16:50,43,C级,复检通道,成熟,12-16 Brix,疑似腐烂,需要复检,高,27,mango_ripe,0.6359,芒果#43连续检测27帧; 多帧稳定性高; 视觉判断mango_ripe; 未读取到光谱数据; 成熟度=成熟; 糖度=中等; 腐烂=疑似腐烂
2026-07-18 02:17:06,44,剔除,剔除通道,成熟,不建议参考,腐烂/建议剔除,建议剔除,高,23,mango_ripe,0.7918,芒果#44连续检测23帧; 多帧稳定性高; 视觉判断mango_ripe; 未读取到光谱数据; 成熟度=成熟; 糖度=过熟异常，糖度参考不可靠; 腐烂=腐烂/建议剔除
2026-07-18 02:17:12,45,剔除,剔除通道,成熟,不建议参考,腐烂/建议剔除,建议剔除,高,24,mango_ripe,0.7510,芒果#45连续检测24帧; 多帧稳定性高; 视觉判断mango_ripe; 未读取到光谱数据; 成熟度=成熟; 糖度=过熟异常，糖度参考不可靠; 腐烂=腐烂/建议剔除
2026-07-18 02:17:29,46,C级,复检通道,成熟,12-16 Brix,疑似腐烂,需要复检,高,33,mango_ripe,0.8649,芒果#46连续检测33帧; 多帧稳定性高; 视觉判断mango_ripe; 未读取到光谱数据; 成熟度=成熟; 糖度=中等; 腐烂=疑似腐烂
2026-07-18 02:17:48,47,A级,销售通道,成熟,16-20 Brix,正常,可接受,高,40,mango_ripe,0.8953,芒果#47连续检测40帧; 多帧稳定性高; 视觉判断mango_ripe; 未读取到光谱数据; 成熟度=成熟; 糖度=较高; 腐烂=正常
2026-07-18 02:17:49,48,A级,销售通道,成熟,12-16 Brix,正常,可接受,高,27,mango_ripe,0.8652,芒果#48连续检测27帧; 多帧稳定性高; 视觉判断mango_ripe; 未读取到光谱数据; 成熟度=成熟; 糖度=中等; 腐烂=正常
2026-07-18 02:18:01,49,C级,复检通道,成熟,16-20 Brix,疑似腐烂,需要复检,高,35,mango_ripe,0.8469,芒果#49连续检测35帧; 多帧稳定性高; 视觉判断mango_ripe; 未读取到光谱数据; 成熟度=成熟; 糖度=较高; 腐烂=疑似腐烂
2026-07-18 02:18:14,50,C级,复检通道,成熟,16-20 Brix,疑似腐烂,需要复检,高,27,mango_ripe,0.8389,芒果#50连续检测27帧; 多帧稳定性高; 视觉判断mango_ripe; 未读取到光谱数据; 成熟度=成熟; 糖度=较高; 腐烂=疑似腐烂
2026-07-18 02:18:26,51,C级,复检通道,成熟,16-20 Brix,疑似腐烂,需要复检,高,30,mango_ripe,0.8600,芒果#51连续检测30帧; 多帧稳定性高; 视觉判断mango_ripe; 未读取到光谱数据; 成熟度=成熟; 糖度=较高; 腐烂=疑似腐烂
2026-07-18 02:18:47,52,A级,销售通道,成熟,12-16 Brix,正常,可接受,高,16,mango_ripe,0.6924,芒果#52连续检测16帧; 多帧稳定性高; 视觉判断mango_ripe; 未读取到光谱数据; 成熟度=成熟; 糖度=中等; 腐烂=正常
2026-07-18 02:19:08,53,A级,销售通道,成熟,16-20 Brix,正常,可接受,高,23,mango_ripe,0.8219,芒果#53连续检测23帧; 多帧稳定性高; 视觉判断mango_ripe; 未读取到光谱数据; 成熟度=成熟; 糖度=较高; 腐烂=正常
2026-07-18 02:21:24,54,C级,复检通道,未熟,8-12 Brix,疑似腐烂,需要复检,高,40,mango_unripe,0.6182,芒果#54连续检测40帧; 多帧稳定性高; 视觉判断mango_unripe; 未读取到光谱数据; 成熟度=未熟; 糖度=偏低; 腐烂=疑似腐烂
2026-07-18 02:21:42,55,C级,复检通道,成熟,12-16 Brix,疑似腐烂,需要复检,中,23,mango_ripe,0.6736,芒果#55连续检测23帧; 多帧稳定性中; 视觉判断mango_ripe; 未读取到光谱数据; 成熟度=成熟; 糖度=中等; 腐烂=疑似腐烂
2026-07-18 02:21:47,56,C级,复检通道,成熟,12-16 Brix,疑似腐烂,需要复检,高,40,mango_overripe,0.6535,芒果#56连续检测40帧; 多帧稳定性高; 视觉判断mango_overripe; 未读取到光谱数据; 成熟度=成熟; 糖度=中等; 腐烂=疑似腐烂
2026-07-18 02:22:03,57,C级,复检通道,未熟,8-12 Brix,疑似腐烂,需要复检,高,40,mango_unripe,0.6814,芒果#57连续检测40帧; 多帧稳定性高; 视觉判断mango_unripe; 未读取到光谱数据; 成熟度=未熟; 糖度=偏低; 腐烂=疑似腐烂
2026-07-18 02:22:14,58,C级,复检通道,成熟,12-16 Brix,疑似腐烂,需要复检,中,40,mango_ripe,0.6695,芒果#58连续检测40帧; 多帧稳定性中; 视觉判断mango_ripe; 未读取到光谱数据; 成熟度=成熟; 糖度=中等; 腐烂=疑似腐烂
2026-07-18 02:22:15,59,C级,复检通道,成熟,12-16 Brix,疑似腐烂,需要复检,低,26,mango_ripe,0.6345,芒果#59连续检测26帧; 多帧稳定性低; 视觉判断mango_ripe; 未读取到光谱数据; 成熟度=成熟; 糖度=中等; 腐烂=疑似腐烂
2026-07-18 02:22:17,60,C级,复检通道,成熟,16-20 Brix,疑似腐烂,需要复检,高,24,mango_ripe,0.6678,芒果#60连续检测24帧; 多帧稳定性高; 视觉判断mango_ripe; 未读取到光谱数据; 成熟度=成熟; 糖度=较高; 腐烂=疑似腐烂
2026-07-18 02:22:22,61,剔除,剔除通道,未熟,不建议参考,腐烂/建议剔除,建议剔除,高,7,mango_unripe,0.6016,芒果#61连续检测7帧; 多帧稳定性高; 视觉判断mango_unripe; 未读取到光谱数据; 成熟度=未熟; 糖度=过熟异常，糖度参考不可靠; 腐烂=腐烂/建议剔除
2026-07-18 02:22:27,62,剔除,剔除通道,成熟,不建议参考,腐烂/建议剔除,建议剔除,低,18,mango_ripe,0.6483,芒果#62连续检测18帧; 多帧稳定性低; 视觉判断mango_ripe; 未读取到光谱数据; 成熟度=成熟; 糖度=过熟异常，糖度参考不可靠; 腐烂=腐烂/建议剔除
2026-07-18 02:22:32,63,C级,复检通道,未熟,12-16 Brix,疑似腐烂,需要复检,中,17,mango_unripe,0.6972,芒果#63连续检测17帧; 多帧稳定性中; 视觉判断mango_unripe; 未读取到光谱数据; 成熟度=未熟; 糖度=中等; 腐烂=疑似腐烂
2026-07-18 02:22:33,64,C级,复检通道,成熟,12-16 Brix,疑似腐烂,需要复检,中,4,mango_ripe,0.6218,芒果#64连续检测4帧; 多帧稳定性中; 视觉判断mango_ripe; 未读取到光谱数据; 成熟度=成熟; 糖度=中等; 腐烂=疑似腐烂
2026-07-18 02:22:35,65,C级,复检通道,未熟,12-16 Brix,疑似腐烂,需要复检,高,6,mango_unripe,0.6343,芒果#65连续检测6帧; 多帧稳定性高; 视觉判断mango_unripe; 未读取到光谱数据; 成熟度=未熟; 糖度=中等; 腐烂=疑似腐烂
2026-07-18 02:22:41,66,剔除,剔除通道,未熟,不建议参考,腐烂/建议剔除,建议剔除,高,40,mango_unripe,0.6922,芒果#66连续检测40帧; 多帧稳定性高; 视觉判断mango_unripe; 未读取到光谱数据; 成熟度=未熟; 糖度=过熟异常，糖度参考不可靠; 腐烂=腐烂/建议剔除
2026-07-18 02:22:42,67,剔除,剔除通道,未熟,不建议参考,腐烂/建议剔除,建议剔除,低,6,mango_unripe,0.6321,芒果#67连续检测6帧; 多帧稳定性低; 视觉判断mango_unripe; 未读取到光谱数据; 成熟度=未熟; 糖度=过熟异常，糖度参考不可靠; 腐烂=腐烂/建议剔除
2026-07-18 02:22:54,68,C级,复检通道,未熟,8-12 Brix,疑似腐烂,需要复检,高,40,mango_unripe,0.5928,芒果#68连续检测40帧; 多帧稳定性高; 视觉判断mango_unripe; 未读取到光谱数据; 成熟度=未熟; 糖度=偏低; 腐烂=疑似腐烂
2026-07-18 02:22:59,69,C级,复检通道,未熟,8-12 Brix,疑似腐烂,需要复检,高,40,mango_unripe,0.6032,芒果#69连续检测40帧; 多帧稳定性高; 视觉判断mango_unripe; 未读取到光谱数据; 成熟度=未熟; 糖度=偏低; 腐烂=疑似腐烂
2026-07-18 02:23:24,70,剔除,剔除通道,成熟,不建议参考,腐烂/建议剔除,建议剔除,高,40,mango_overripe,0.7686,芒果#70连续检测40帧; 多帧稳定性高; 视觉判断mango_overripe; 未读取到光谱数据; 成熟度=成熟; 糖度=过熟异常，糖度参考不可靠; 腐烂=腐烂/建议剔除
2026-07-18 02:23:25,71,C级,复检通道,未熟,12-16 Brix,疑似腐烂,需要复检,高,9,mango_unripe,0.6836,芒果#71连续检测9帧; 多帧稳定性高; 视觉判断mango_unripe; 未读取到光谱数据; 成熟度=未熟; 糖度=中等; 腐烂=疑似腐烂
2026-07-18 02:23:26,72,C级,复检通道,成熟,12-16 Brix,疑似腐烂,需要复检,中,20,mango_overripe,0.5773,芒果#72连续检测20帧; 多帧稳定性中; 视觉判断mango_overripe; 未读取到光谱数据; 成熟度=成熟; 糖度=中等; 腐烂=疑似腐烂
2026-07-18 02:23:31,73,C级,复检通道,成熟,16-20 Brix,疑似腐烂,需要复检,高,8,mango_ripe,0.6676,芒果#73连续检测8帧; 多帧稳定性高; 视觉判断mango_ripe; 未读取到光谱数据; 成熟度=成熟; 糖度=较高; 腐烂=疑似腐烂
2026-07-18 02:23:34,74,A级,销售通道,成熟,12-16 Brix,正常,可接受,高,30,mango_ripe,0.6958,芒果#74连续检测30帧; 多帧稳定性高; 视觉判断mango_ripe; 未读取到光谱数据; 成熟度=成熟; 糖度=中等; 腐烂=正常
2026-07-18 02:25:27,75,剔除,剔除通道,未熟,不建议参考,腐烂/建议剔除,建议剔除,高,6,mango_unripe,0.6789,芒果#75连续检测6帧; 多帧稳定性高; 视觉判断mango_unripe; 未读取到光谱数据; 成熟度=未熟; 糖度=过熟异常，糖度参考不可靠; 腐烂=腐烂/建议剔除
2026-07-18 02:25:28,76,C级,复检通道,未熟,12-16 Brix,疑似腐烂,需要复检,高,40,mango_unripe,0.7754,芒果#76连续检测40帧; 多帧稳定性高; 视觉判断mango_unripe; 未读取到光谱数据; 成熟度=未熟; 糖度=中等; 腐烂=疑似腐烂
2026-07-18 02:25:29,77,剔除,剔除通道,成熟,不建议参考,腐烂/建议剔除,建议剔除,中,11,mango_overripe,0.5947,芒果#77连续检测11帧; 多帧稳定性中; 视觉判断mango_overripe; 未读取到光谱数据; 成熟度=成熟; 糖度=过熟异常，糖度参考不可靠; 腐烂=腐烂/建议剔除
2026-07-18 02:25:32,78,C级,复检通道,未熟,12-16 Brix,疑似腐烂,需要复检,高,40,mango_unripe,0.8811,芒果#78连续检测40帧; 多帧稳定性高; 视觉判断mango_unripe; 未读取到光谱数据; 成熟度=未熟; 糖度=中等; 腐烂=疑似腐烂
2026-07-18 02:25:56,79,剔除,剔除通道,未熟,不建议参考,腐烂/建议剔除,建议剔除,高,40,mango_unripe,0.8801,芒果#79连续检测40帧; 多帧稳定性高; 视觉判断mango_unripe; 未读取到光谱数据; 成熟度=未熟; 糖度=过熟异常，糖度参考不可靠; 腐烂=腐烂/建议剔除
2026-07-18 02:26:14,80,C级,复检通道,未熟,8-12 Brix,疑似腐烂,需要复检,中,11,mango_unripe,0.6569,芒果#80连续检测11帧; 多帧稳定性中; 视觉判断mango_unripe; 未读取到光谱数据; 成熟度=未熟; 糖度=偏低; 腐烂=疑似腐烂
2026-07-18 02:26:44,81,C级,复检通道,成熟,12-16 Brix,疑似腐烂,需要复检,中,40,mango_overripe,0.6897,芒果#81连续检测40帧; 多帧稳定性中; 视觉判断mango_overripe; 未读取到光谱数据; 成熟度=成熟; 糖度=中等; 腐烂=疑似腐烂
2026-07-18 02:26:47,82,C级,复检通道,成熟,12-16 Brix,疑似腐烂,需要复检,中,7,mango_ripe,0.5939,芒果#82连续检测7帧; 多帧稳定性中; 视觉判断mango_ripe; 未读取到光谱数据; 成熟度=成熟; 糖度=中等; 腐烂=疑似腐烂
2026-07-18 02:26:52,83,C级,复检通道,未熟,12-16 Brix,疑似腐烂,需要复检,高,40,mango_unripe,0.8113,芒果#83连续检测40帧; 多帧稳定性高; 视觉判断mango_unripe; 未读取到光谱数据; 成熟度=未熟; 糖度=中等; 腐烂=疑似腐烂
2026-07-18 02:27:07,84,C级,复检通道,成熟,12-16 Brix,疑似腐烂,需要复检,高,40,mango_overripe,0.6381,芒果#84连续检测40帧; 多帧稳定性高; 视觉判断mango_overripe; 未读取到光谱数据; 成熟度=成熟; 糖度=中等; 腐烂=疑似腐烂
2026-07-18 02:27:57,85,C级,复检通道,过熟,16-20 Brix,疑似腐烂,需要复检,高,40,mango_overripe,0.8451,芒果#85连续检测40帧; 多帧稳定性高; 视觉判断mango_overripe; 未读取到光谱数据; 成熟度=过熟; 糖度=较高; 腐烂=疑似腐烂
2026-07-18 02:39:50,86,C级,复检通道,成熟,12-16 Brix,疑似腐烂,需要复检,高,9,mango_ripe,0.7277,芒果#86连续检测9帧; 多帧稳定性高; 视觉判断mango_ripe; 未读取到光谱数据; 成熟度=成熟; 糖度=中等; 腐烂=疑似腐烂
2026-07-18 02:40:13,87,C级,复检通道,成熟,12-16 Brix,疑似腐烂,需要复检,高,12,mango_ripe,0.6748,芒果#87连续检测12帧; 多帧稳定性高; 视觉判断mango_ripe; 未读取到光谱数据; 成熟度=成熟; 糖度=中等; 腐烂=疑似腐烂
2026-07-18 02:41:03,88,剔除,剔除通道,成熟,不建议参考,腐烂/建议剔除,建议剔除,高,7,mango_ripe,0.7251,芒果#88连续检测7帧; 多帧稳定性高; 视觉判断mango_ripe; 未读取到光谱数据; 成熟度=成熟; 糖度=过熟异常，糖度参考不可靠; 腐烂=腐烂/建议剔除
2026-07-18 02:41:14,89,C级,复检通道,成熟,12-16 Brix,疑似腐烂,需要复检,高,40,mango_overripe,0.7027,芒果#89连续检测40帧; 多帧稳定性高; 视觉判断mango_overripe; 未读取到光谱数据; 成熟度=成熟; 糖度=中等; 腐烂=疑似腐烂
2026-07-18 02:41:30,90,C级,复检通道,过熟,12-16 Brix,疑似腐烂,需要复检,高,40,mango_overripe,0.7769,芒果#90连续检测40帧; 多帧稳定性高; 视觉判断mango_overripe; 未读取到光谱数据; 成熟度=过熟; 糖度=中等; 腐烂=疑似腐烂
2026-07-18 02:41:31,91,C级,复检通道,过熟,12-16 Brix,疑似腐烂,需要复检,高,27,mango_overripe,0.7499,芒果#91连续检测27帧; 多帧稳定性高; 视觉判断mango_overripe; 未读取到光谱数据; 成熟度=过熟; 糖度=中等; 腐烂=疑似腐烂
2026-07-18 02:41:33,92,C级,复检通道,过熟,12-16 Brix,疑似腐烂,需要复检,高,25,mango_overripe,0.6396,芒果#92连续检测25帧; 多帧稳定性高; 视觉判断mango_overripe; 未读取到光谱数据; 成熟度=过熟; 糖度=中等; 腐烂=疑似腐烂
2026-07-18 02:41:34,93,C级,复检通道,过熟,12-16 Brix,疑似腐烂,需要复检,高,18,mango_overripe,0.6502,芒果#93连续检测18帧; 多帧稳定性高; 视觉判断mango_overripe; 未读取到光谱数据; 成熟度=过熟; 糖度=中等; 腐烂=疑似腐烂
2026-07-18 02:41:51,94,C级,复检通道,未熟,8-12 Brix,疑似腐烂,需要复检,高,40,mango_unripe,0.6505,芒果#94连续检测40帧; 多帧稳定性高; 视觉判断mango_unripe; 未读取到光谱数据; 成熟度=未熟; 糖度=偏低; 腐烂=疑似腐烂
2026-07-18 02:41:56,95,剔除,剔除通道,成熟,不建议参考,腐烂/建议剔除,建议剔除,中,40,mango_ripe,0.6228,芒果#95连续检测40帧; 多帧稳定性中; 视觉判断mango_ripe; 未读取到光谱数据; 成熟度=成熟; 糖度=过熟异常，糖度参考不可靠; 腐烂=腐烂/建议剔除
2026-07-18 02:41:58,96,A级,销售通道,成熟,12-16 Brix,正常,可接受,高,13,mango_ripe,0.6419,芒果#96连续检测13帧; 多帧稳定性高; 视觉判断mango_ripe; 未读取到光谱数据; 成熟度=成熟; 糖度=中等; 腐烂=正常
2026-07-18 02:42:00,97,B级,加工通道,过熟,12-16 Brix,正常,可接受,中,14,mango_overripe,0.5426,芒果#97连续检测14帧; 多帧稳定性中; 视觉判断mango_overripe; 未读取到光谱数据; 成熟度=过熟; 糖度=中等; 腐烂=正常
2026-07-18 02:42:03,98,C级,复检通道,未熟,8-12 Brix,疑似腐烂,需要复检,高,28,mango_unripe,0.7066,芒果#98连续检测28帧; 多帧稳定性高; 视觉判断mango_unripe; 未读取到光谱数据; 成熟度=未熟; 糖度=偏低; 腐烂=疑似腐烂
2026-07-18 02:43:13,99,C级,复检通道,过熟,12-16 Brix,疑似腐烂,需要复检,高,40,mango_overripe,0.8471,芒果#99连续检测40帧; 多帧稳定性高; 视觉判断mango_overripe; 未读取到光谱数据; 成熟度=过熟; 糖度=中等; 腐烂=疑似腐烂
2026-07-18 02:44:36,100,剔除,剔除通道,未熟,不建议参考,腐烂/建议剔除,建议剔除,高,9,mango_unripe,0.6782,芒果#100连续检测9帧; 多帧稳定性高; 视觉判断mango_unripe; 未读取到光谱数据; 成熟度=未熟; 糖度=过熟异常，糖度参考不可靠; 腐烂=腐烂/建议剔除
2026-07-18 02:44:45,101,剔除,剔除通道,未熟,不建议参考,腐烂/建议剔除,建议剔除,高,40,mango_unripe,0.7414,芒果#101连续检测40帧; 多帧稳定性高; 视觉判断mango_unripe; 未读取到光谱数据; 成熟度=未熟; 糖度=过熟异常，糖度参考不可靠; 腐烂=腐烂/建议剔除
2026-07-18 02:46:21,102,C级,复检通道,未熟,8-12 Brix,疑似腐烂,需要复检,高,5,mango_unripe,0.5895,芒果#102连续检测5帧; 多帧稳定性高; 视觉判断mango_unripe; 未读取到光谱数据; 成熟度=未熟; 糖度=偏低; 腐烂=疑似腐烂
2026-07-18 02:46:39,103,C级,复检通道,未熟,12-16 Brix,疑似腐烂,需要复检,高,40,mango_unripe,0.8789,芒果#103连续检测40帧; 多帧稳定性高; 视觉判断mango_unripe; 未读取到光谱数据; 成熟度=未熟; 糖度=中等; 腐烂=疑似腐烂
2026-07-18 02:46:49,104,剔除,剔除通道,未熟,不建议参考,腐烂/建议剔除,建议剔除,高,40,mango_unripe,0.8705,芒果#104连续检测40帧; 多帧稳定性高; 视觉判断mango_unripe; 未读取到光谱数据; 成熟度=未熟; 糖度=过熟异常，糖度参考不可靠; 腐烂=腐烂/建议剔除
2026-07-18 02:47:04,105,C级,复检通道,未熟,12-16 Brix,疑似腐烂,需要复检,高,40,mango_unripe,0.8725,芒果#105连续检测40帧; 多帧稳定性高; 视觉判断mango_unripe; 未读取到光谱数据; 成熟度=未熟; 糖度=中等; 腐烂=疑似腐烂
2026-07-18 02:47:25,106,B级,催熟通道,未熟,12-16 Brix,正常,可接受,高,22,mango_unripe,0.6886,芒果#106连续检测22帧; 多帧稳定性高; 视觉判断mango_unripe; 未读取到光谱数据; 成熟度=未熟; 糖度=中等; 腐烂=正常
2026-07-18 02:47:26,107,C级,复检通道,未熟,12-16 Brix,疑似腐烂,需要复检,高,27,mango_unripe,0.7595,芒果#107连续检测27帧; 多帧稳定性高; 视觉判断mango_unripe; 未读取到光谱数据; 成熟度=未熟; 糖度=中等; 腐烂=疑似腐烂
2026-07-18 02:47:35,108,C级,复检通道,成熟,12-16 Brix,疑似腐烂,需要复检,高,40,mango_ripe,0.8058,芒果#108连续检测40帧; 多帧稳定性高; 视觉判断mango_ripe; 未读取到光谱数据; 成熟度=成熟; 糖度=中等; 腐烂=疑似腐烂
2026-07-18 02:48:21,109,A级,销售通道,成熟,12-16 Brix,正常,可接受,高,40,mango_ripe,0.6734,芒果#109连续检测40帧; 多帧稳定性高; 视觉判断mango_ripe; 未读取到光谱数据; 成熟度=成熟; 糖度=中等; 腐烂=正常
2026-07-18 02:51:37,110,剔除,剔除通道,未熟,不建议参考,腐烂/建议剔除,建议剔除,高,33,mango_unripe,0.7749,芒果#110连续检测33帧; 多帧稳定性高; 视觉判断mango_unripe; 未读取到光谱数据; 成熟度=未熟; 糖度=过熟异常，糖度参考不可靠; 腐烂=腐烂/建议剔除
2026-07-18 02:51:42,111,剔除,剔除通道,未熟,不建议参考,腐烂/建议剔除,建议剔除,高,40,mango_unripe,0.5961,芒果#111连续检测40帧; 多帧稳定性高; 视觉判断mango_unripe; 未读取到光谱数据; 成熟度=未熟; 糖度=过熟异常，糖度参考不可靠; 腐烂=腐烂/建议剔除
2026-07-18 02:52:02,112,A级,销售通道,成熟,12-16 Brix,正常,可接受,高,40,mango_ripe,0.6155,芒果#112连续检测40帧; 多帧稳定性高; 视觉判断mango_ripe; 未读取到光谱数据; 成熟度=成熟; 糖度=中等; 腐烂=正常
2026-07-18 02:52:13,113,剔除,剔除通道,未熟,不建议参考,腐烂/建议剔除,建议剔除,高,40,mango_unripe,0.8023,芒果#113连续检测40帧; 多帧稳定性高; 视觉判断mango_unripe; 未读取到光谱数据; 成熟度=未熟; 糖度=过熟异常，糖度参考不可靠; 腐烂=腐烂/建议剔除
2026-07-18 02:52:36,114,C级,复检通道,过熟,16-20 Brix,疑似腐烂,需要复检,高,25,mango_overripe,0.6822,芒果#114连续检测25帧; 多帧稳定性高; 视觉判断mango_overripe; 未读取到光谱数据; 成熟度=过熟; 糖度=较高; 腐烂=疑似腐烂
2026-07-18 02:53:10,115,C级,复检通道,成熟,12-16 Brix,疑似腐烂,需要复检,高,7,mango_overripe,0.6834,芒果#115连续检测7帧; 多帧稳定性高; 视觉判断mango_overripe; 未读取到光谱数据; 成熟度=成熟; 糖度=中等; 腐烂=疑似腐烂
2026-07-18 02:55:14,116,C级,复检通道,过熟,16-20 Brix,疑似腐烂,需要复检,高,8,mango_overripe,0.6863,芒果#116连续检测8帧; 多帧稳定性高; 视觉判断mango_overripe; 未读取到光谱数据; 成熟度=过熟; 糖度=较高; 腐烂=疑似腐烂
2026-07-18 02:57:01,117,C级,复检通道,过熟,16-20 Brix,疑似腐烂,需要复检,高,40,mango_overripe,0.8038,芒果#117连续检测40帧; 多帧稳定性高; 视觉判断mango_overripe; 未读取到光谱数据; 成熟度=过熟; 糖度=较高; 腐烂=疑似腐烂
2026-07-18 02:58:47,118,C级,复检通道,过熟,16-20 Brix,疑似腐烂,需要复检,高,5,mango_overripe,0.5618,芒果#118连续检测5帧; 多帧稳定性高; 视觉判断mango_overripe; 未读取到光谱数据; 成熟度=过熟; 糖度=较高; 腐烂=疑似腐烂
2026-07-18 02:59:49,119,剔除,剔除通道,过熟,不建议参考,腐烂/建议剔除,建议剔除,高,14,mango_overripe,0.7331,芒果#119连续检测14帧; 多帧稳定性高; 视觉判断mango_overripe; 未读取到光谱数据; 成熟度=过熟; 糖度=过熟异常，糖度参考不可靠; 腐烂=腐烂/建议剔除
2026-07-18 03:00:07,120,剔除,剔除通道,过熟,不建议参考,腐烂/建议剔除,建议剔除,高,20,mango_overripe,0.8384,芒果#120连续检测20帧; 多帧稳定性高; 视觉判断mango_overripe; 未读取到光谱数据; 成熟度=过熟; 糖度=过熟异常，糖度参考不可靠; 腐烂=腐烂/建议剔除
2026-07-18 03:00:39,121,剔除,剔除通道,未熟,不建议参考,腐烂/建议剔除,建议剔除,高,14,mango_unripe,0.6302,芒果#121连续检测14帧; 多帧稳定性高; 视觉判断mango_unripe; 未读取到光谱数据; 成熟度=未熟; 糖度=过熟异常，糖度参考不可靠; 腐烂=腐烂/建议剔除
2026-07-18 03:00:56,122,C级,复检通道,成熟,12-16 Brix,疑似腐烂,需要复检,高,18,mango_ripe,0.7217,芒果#122连续检测18帧; 多帧稳定性高; 视觉判断mango_ripe; 未读取到光谱数据; 成熟度=成熟; 糖度=中等; 腐烂=疑似腐烂
2026-07-18 03:02:16,123,剔除,剔除通道,过熟,不建议参考,腐烂/建议剔除,建议剔除,高,11,mango_overripe,0.8198,芒果#123连续检测11帧; 多帧稳定性高; 视觉判断mango_overripe; 未读取到光谱数据; 成熟度=过熟; 糖度=过熟异常，糖度参考不可靠; 腐烂=腐烂/建议剔除
2026-07-18 03:02:32,124,剔除,剔除通道,未熟,不建议参考,腐烂/建议剔除,建议剔除,高,11,mango_unripe,0.6695,芒果#124连续检测11帧; 多帧稳定性高; 视觉判断mango_unripe; 未读取到光谱数据; 成熟度=未熟; 糖度=过熟异常，糖度参考不可靠; 腐烂=腐烂/建议剔除
2026-07-18 03:03:01,125,C级,复检通道,未熟,12-16 Brix,疑似腐烂,需要复检,高,19,mango_unripe,0.7847,芒果#125连续检测19帧; 多帧稳定性高; 视觉判断mango_unripe; 未读取到光谱数据; 成熟度=未熟; 糖度=中等; 腐烂=疑似腐烂
2026-07-18 03:03:12,126,C级,复检通道,未熟,12-16 Brix,疑似腐烂,需要复检,高,17,mango_unripe,0.8039,芒果#126连续检测17帧; 多帧稳定性高; 视觉判断mango_unripe; 未读取到光谱数据; 成熟度=未熟; 糖度=中等; 腐烂=疑似腐烂
2026-07-18 03:04:09,127,C级,复检通道,过熟,16-20 Brix,疑似腐烂,需要复检,高,8,mango_overripe,0.7303,芒果#127连续检测8帧; 多帧稳定性高; 视觉判断mango_overripe; 未读取到光谱数据; 成熟度=过熟; 糖度=较高; 腐烂=疑似腐烂
2026-07-18 03:04:38,128,C级,复检通道,成熟,16-20 Brix,疑似腐烂,需要复检,高,5,mango_overripe,0.5737,芒果#128连续检测5帧; 多帧稳定性高; 视觉判断mango_overripe; 未读取到光谱数据; 成熟度=成熟; 糖度=较高; 腐烂=疑似腐烂
2026-07-18 03:05:02,129,A级,销售通道,成熟,12-16 Brix,正常,可接受,高,14,mango_ripe,0.6292,芒果#129连续检测14帧; 多帧稳定性高; 视觉判断mango_ripe; 未读取到光谱数据; 成熟度=成熟; 糖度=中等; 腐烂=正常
2026-07-19 01:01:59,130,A级,销售通道,成熟,12-16 Brix,正常,可接受,高,9,mango_ripe,0.7476,芒果#130连续检测9帧; 多帧稳定性高; 视觉判断mango_ripe; 未读取到光谱数据; 成熟度=成熟; 糖度=中等; 腐烂=正常
2026-07-19 01:03:01,131,A级,销售通道,成熟,12-16 Brix,正常,可接受,高,13,mango_ripe,0.5780,芒果#131连续检测13帧; 多帧稳定性高; 视觉判断mango_ripe; 未读取到光谱数据; 成熟度=成熟; 糖度=中等; 腐烂=正常
2026-07-19 01:39:52,132,A级,销售通道,成熟,12-16 Brix,正常,可接受,高,4,mango_ripe,0.5891,芒果#132连续检测4帧; 多帧稳定性高; 视觉判断mango_ripe; 未读取到光谱数据; 成熟度=成熟; 糖度=中等; 腐烂=正常
2026-07-19 01:40:22,133,A级,销售通道,成熟,12-16 Brix,正常,可接受,高,4,mango_ripe,0.5891,芒果#133连续检测4帧; 多帧稳定性高; 视觉判断mango_ripe; 未读取到光谱数据; 成熟度=成熟; 糖度=中等; 腐烂=正常
2026-07-19 01:41:15,134,A级,销售通道,成熟,12-16 Brix,正常,可接受,高,13,mango_ripe,0.6681,芒果#134连续检测13帧; 多帧稳定性高; 视觉判断mango_ripe; 未读取到光谱数据; 成熟度=成熟; 糖度=中等; 腐烂=正常
2026-07-19 01:41:29,135,A级,销售通道,成熟,12-16 Brix,正常,可接受,高,16,mango_ripe,0.7303,芒果#135连续检测16帧; 多帧稳定性高; 视觉判断mango_ripe; 未读取到光谱数据; 成熟度=成熟; 糖度=中等; 腐烂=正常
2026-07-19 01:42:29,136,A级,销售通道,成熟,12-16 Brix,正常,可接受,高,15,mango_ripe,0.7216,芒果#136连续检测15帧; 多帧稳定性高; 视觉判断mango_ripe; 未读取到光谱数据; 成熟度=成熟; 糖度=中等; 腐烂=正常
2026-07-19 01:42:42,137,A级,销售通道,成熟,12-16 Brix,正常,可接受,高,15,mango_ripe,0.6294,芒果#137连续检测15帧; 多帧稳定性高; 视觉判断mango_ripe; 未读取到光谱数据; 成熟度=成熟; 糖度=中等; 腐烂=正常
2026-07-19 01:42:59,138,A级,销售通道,成熟,12-16 Brix,正常,可接受,高,10,mango_ripe,0.6429,芒果#138连续检测10帧; 多帧稳定性高; 视觉判断mango_ripe; 未读取到光谱数据; 成熟度=成熟; 糖度=中等; 腐烂=正常
2026-07-19 01:43:09,139,A级,销售通道,成熟,12-16 Brix,正常,可接受,高,13,mango_ripe,0.7222,芒果#139连续检测13帧; 多帧稳定性高; 视觉判断mango_ripe; 未读取到光谱数据; 成熟度=成熟; 糖度=中等; 腐烂=正常
2026-07-19 01:43:23,140,A级,销售通道,成熟,12-16 Brix,正常,可接受,高,12,mango_ripe,0.6203,芒果#140连续检测12帧; 多帧稳定性高; 视觉判断mango_ripe; 未读取到光谱数据; 成熟度=成熟; 糖度=中等; 腐烂=正常
2026-07-19 01:43:32,141,A级,销售通道,成熟,12-16 Brix,正常,可接受,高,12,mango_ripe,0.6131,芒果#141连续检测12帧; 多帧稳定性高; 视觉判断mango_ripe; 未读取到光谱数据; 成熟度=成熟; 糖度=中等; 腐烂=正常
2026-07-19 04:41:57,142,A级,销售通道,成熟,12-16 Brix,正常,可接受,高,4,mango_ripe,0.5760,芒果#142连续检测4帧; 多帧稳定性高; 视觉判断mango_ripe; 未读取到光谱数据; 成熟度=成熟; 糖度=中等; 腐烂=正常
2026-07-19 04:43:16,143,A级,销售通道,成熟,12-16 Brix,正常,可接受,高,40,mango_ripe,0.8369,芒果#143连续检测40帧; 多帧稳定性高; 视觉判断mango_ripe; 未读取到光谱数据; 成熟度=成熟; 糖度=中等; 腐烂=正常
2026-07-19 04:43:38,144,A级,销售通道,成熟,16-20 Brix,正常,可接受,高,28,mango_ripe,0.8696,芒果#144连续检测28帧; 多帧稳定性高; 视觉判断mango_ripe; 未读取到光谱数据; 成熟度=成熟; 糖度=较高; 腐烂=正常
2026-07-19 04:44:06,145,A级,销售通道,成熟,12-16 Brix,正常,可接受,高,37,mango_ripe,0.8077,芒果#145连续检测37帧; 多帧稳定性高; 视觉判断mango_ripe; 未读取到光谱数据; 成熟度=成熟; 糖度=中等; 腐烂=正常
2026-07-19 04:44:30,146,A级,销售通道,成熟,12-16 Brix,正常,可接受,高,28,mango_ripe,0.8304,芒果#146连续检测28帧; 多帧稳定性高; 视觉判断mango_ripe; 未读取到光谱数据; 成熟度=成熟; 糖度=中等; 腐烂=正常
2026-07-19 04:44:44,147,A级,销售通道,成熟,12-16 Brix,正常,可接受,高,16,mango_ripe,0.6597,芒果#147连续检测16帧; 多帧稳定性高; 视觉判断mango_ripe; 未读取到光谱数据; 成熟度=成熟; 糖度=中等; 腐烂=正常
2026-07-19 04:45:05,148,A级,销售通道,成熟,16-20 Brix,正常,可接受,高,33,mango_ripe,0.8083,芒果#148连续检测33帧; 多帧稳定性高; 视觉判断mango_ripe; 未读取到光谱数据; 成熟度=成熟; 糖度=较高; 腐烂=正常
2026-07-19 04:46:25,149,A级,销售通道,成熟,12-16 Brix,正常,可接受,高,11,mango_ripe,0.6583,芒果#149连续检测11帧; 多帧稳定性高; 视觉判断mango_ripe; 未读取到光谱数据; 成熟度=成熟; 糖度=中等; 腐烂=正常
2026-07-19 04:46:55,150,C级,复检通道,过熟,16-20 Brix,疑似腐烂,需要复检,高,20,mango_overripe,0.7275,芒果#150连续检测20帧; 多帧稳定性高; 视觉判断mango_overripe; 未读取到光谱数据; 成熟度=过熟; 糖度=较高; 腐烂=疑似腐烂
2026-07-19 04:47:12,151,C级,复检通道,未熟,12-16 Brix,疑似腐烂,需要复检,高,19,mango_unripe,0.6851,芒果#151连续检测19帧; 多帧稳定性高; 视觉判断mango_unripe; 未读取到光谱数据; 成熟度=未熟; 糖度=中等; 腐烂=疑似腐烂
2026-07-19 04:49:33,152,剔除,剔除通道,成熟,不建议参考,腐烂/建议剔除,建议剔除,高,9,mango_ripe,0.7206,芒果#152连续检测9帧; 多帧稳定性高; 视觉判断mango_ripe; 未读取到光谱数据; 成熟度=成熟; 糖度=过熟异常，糖度参考不可靠; 腐烂=腐烂/建议剔除
2026-07-19 04:51:56,153,A级,销售通道,成熟,16-20 Brix,正常,可接受,高,40,mango_ripe,0.9116,芒果#153连续检测40帧; 多帧稳定性高; 视觉判断mango_ripe; 未读取到光谱数据; 成熟度=成熟; 糖度=较高; 腐烂=正常
2026-07-19 04:52:10,154,B级,催熟通道,未熟,12-16 Brix,正常,可接受,高,4,mango_unripe,0.5850,芒果#154连续检测4帧; 多帧稳定性高; 视觉判断mango_unripe; 未读取到光谱数据; 成熟度=未熟; 糖度=中等; 腐烂=正常
2026-07-19 04:52:54,155,C级,复检通道,未熟,12-16 Brix,疑似腐烂,需要复检,高,40,mango_unripe,0.7711,芒果#155连续检测40帧; 多帧稳定性高; 视觉判断mango_unripe; 未读取到光谱数据; 成熟度=未熟; 糖度=中等; 腐烂=疑似腐烂
2026-07-19 04:58:09,156,剔除,剔除通道,未熟,不建议参考,腐烂/建议剔除,建议剔除,高,16,mango_unripe,0.6936,芒果#156连续检测16帧; 多帧稳定性高; 视觉判断mango_unripe; 未读取到光谱数据; 成熟度=未熟; 糖度=过熟异常，糖度参考不可靠; 腐烂=腐烂/建议剔除
2026-07-19 04:58:25,157,剔除,剔除通道,未熟,不建议参考,腐烂/建议剔除,建议剔除,高,33,mango_unripe,0.7711,芒果#157连续检测33帧; 多帧稳定性高; 视觉判断mango_unripe; 未读取到光谱数据; 成熟度=未熟; 糖度=过熟异常，糖度参考不可靠; 腐烂=腐烂/建议剔除
2026-07-19 05:05:51,158,A级,销售通道,成熟,16-20 Brix,正常,可接受,高,40,mango_ripe,0.9147,芒果#158连续检测40帧; 多帧稳定性高; 视觉判断mango_ripe; 未读取到光谱数据; 成熟度=成熟; 糖度=较高; 腐烂=正常
2026-07-19 05:06:10,159,C级,复检通道,过熟,16-20 Brix,疑似腐烂,需要复检,高,40,mango_overripe,0.8649,芒果#159连续检测40帧; 多帧稳定性高; 视觉判断mango_overripe; 未读取到光谱数据; 成熟度=过熟; 糖度=较高; 腐烂=疑似腐烂
2026-07-19 05:06:16,160,C级,复检通道,过熟,16-20 Brix,疑似腐烂,需要复检,高,40,mango_overripe,0.8436,芒果#160连续检测40帧; 多帧稳定性高; 视觉判断mango_overripe; 未读取到光谱数据; 成熟度=过熟; 糖度=较高; 腐烂=疑似腐烂
2026-07-19 05:06:26,161,A级,销售通道,成熟,16-20 Brix,正常,可接受,高,27,mango_ripe,0.6508,芒果#161连续检测27帧; 多帧稳定性高; 视觉判断mango_ripe; 未读取到光谱数据; 成熟度=成熟; 糖度=较高; 腐烂=正常
2026-07-19 05:06:37,162,C级,复检通道,过熟,16-20 Brix,疑似腐烂,需要复检,高,40,mango_overripe,0.8766,芒果#162连续检测40帧; 多帧稳定性高; 视觉判断mango_overripe; 未读取到光谱数据; 成熟度=过熟; 糖度=较高; 腐烂=疑似腐烂
2026-07-19 05:07:00,163,C级,复检通道,过熟,16-20 Brix,疑似腐烂,需要复检,高,40,mango_overripe,0.8771,芒果#163连续检测40帧; 多帧稳定性高; 视觉判断mango_overripe; 未读取到光谱数据; 成熟度=过熟; 糖度=较高; 腐烂=疑似腐烂
2026-07-19 05:07:20,164,剔除,剔除通道,未熟,不建议参考,腐烂/建议剔除,建议剔除,高,40,mango_unripe,0.8935,芒果#164连续检测40帧; 多帧稳定性高; 视觉判断mango_unripe; 未读取到光谱数据; 成熟度=未熟; 糖度=过熟异常，糖度参考不可靠; 腐烂=腐烂/建议剔除
2026-07-19 05:18:31,165,A级,销售通道,成熟,16-20 Brix,正常,可接受,高,30,mango_ripe,0.7609,芒果#165连续检测30帧; 多帧稳定性高; 视觉判断mango_ripe; 未读取到光谱数据; 成熟度=成熟; 糖度=较高; 腐烂=正常
2026-07-19 05:19:06,166,A级,销售通道,成熟,16-20 Brix,正常,可接受,高,14,mango_ripe,0.7157,芒果#166连续检测14帧; 多帧稳定性高; 视觉判断mango_ripe; 未读取到光谱数据; 成熟度=成熟; 糖度=较高; 腐烂=正常
2026-07-19 05:20:28,167,A级,销售通道,成熟,16-20 Brix,正常,可接受,高,18,mango_ripe,0.7790,芒果#167连续检测18帧; 多帧稳定性高; 视觉判断mango_ripe; 未读取到光谱数据; 成熟度=成熟; 糖度=较高; 腐烂=正常
2026-07-19 06:39:07,168,C级,复检通道,过熟,16-20 Brix,疑似腐烂,需要复检,高,17,mango_overripe,0.7153,芒果#168连续检测17帧; 多帧稳定性高; 视觉判断mango_overripe; 未读取到光谱数据; 成熟度=过熟; 糖度=较高; 腐烂=疑似腐烂
2026-07-19 06:39:36,169,C级,复检通道,过熟,16-20 Brix,疑似腐烂,需要复检,高,27,mango_overripe,0.7841,芒果#169连续检测27帧; 多帧稳定性高; 视觉判断mango_overripe; 未读取到光谱数据; 成熟度=过熟; 糖度=较高; 腐烂=疑似腐烂
2026-07-19 06:39:51,170,C级,复检通道,过熟,16-20 Brix,疑似腐烂,需要复检,高,25,mango_overripe,0.8356,芒果#170连续检测25帧; 多帧稳定性高; 视觉判断mango_overripe; 未读取到光谱数据; 成熟度=过熟; 糖度=较高; 腐烂=疑似腐烂
2026-07-19 06:40:03,171,C级,复检通道,过熟,16-20 Brix,疑似腐烂,需要复检,高,27,mango_overripe,0.7882,芒果#171连续检测27帧; 多帧稳定性高; 视觉判断mango_overripe; 未读取到光谱数据; 成熟度=过熟; 糖度=较高; 腐烂=疑似腐烂
2026-07-19 06:40:24,172,C级,复检通道,成熟,16-20 Brix,疑似腐烂,需要复检,中,19,mango_ripe,0.6202,芒果#172连续检测19帧; 多帧稳定性中; 视觉判断mango_ripe; 未读取到光谱数据; 成熟度=成熟; 糖度=较高; 腐烂=疑似腐烂
2026-07-19 06:40:31,173,A级,销售通道,成熟,12-16 Brix,正常,可接受,高,17,mango_ripe,0.6748,芒果#173连续检测17帧; 多帧稳定性高; 视觉判断mango_ripe; 未读取到光谱数据; 成熟度=成熟; 糖度=中等; 腐烂=正常
2026-07-19 06:41:31,174,A级,销售通道,成熟,16-20 Brix,正常,可接受,高,8,mango_ripe,0.6457,芒果#174连续检测8帧; 多帧稳定性高; 视觉判断mango_ripe; 未读取到光谱数据; 成熟度=成熟; 糖度=较高; 腐烂=正常
2026-07-19 06:41:36,175,A级,销售通道,成熟,16-20 Brix,正常,可接受,高,40,mango_ripe,0.8023,芒果#175连续检测40帧; 多帧稳定性高; 视觉判断mango_ripe; 未读取到光谱数据; 成熟度=成熟; 糖度=较高; 腐烂=正常
2026-07-19 06:41:43,176,C级,复检通道,过熟,16-20 Brix,疑似腐烂,需要复检,高,22,mango_overripe,0.6229,芒果#176连续检测22帧; 多帧稳定性高; 视觉判断mango_overripe; 未读取到光谱数据; 成熟度=过熟; 糖度=较高; 腐烂=疑似腐烂
2026-07-19 06:41:47,177,C级,复检通道,成熟,16-20 Brix,疑似腐烂,需要复检,高,40,mango_overripe,0.5736,芒果#177连续检测40帧; 多帧稳定性高; 视觉判断mango_overripe; 未读取到光谱数据; 成熟度=成熟; 糖度=较高; 腐烂=疑似腐烂
2026-07-19 06:42:06,178,C级,复检通道,过熟,16-20 Brix,疑似腐烂,需要复检,高,40,mango_overripe,0.9223,芒果#178连续检测40帧; 多帧稳定性高; 视觉判断mango_overripe; 未读取到光谱数据; 成熟度=过熟; 糖度=较高; 腐烂=疑似腐烂
2026-07-19 06:42:10,179,A级,销售通道,成熟,16-20 Brix,正常,可接受,高,40,mango_ripe,0.6179,芒果#179连续检测40帧; 多帧稳定性高; 视觉判断mango_ripe; 未读取到光谱数据; 成熟度=成熟; 糖度=较高; 腐烂=正常
2026-07-19 06:42:17,180,C级,复检通道,过熟,16-20 Brix,疑似腐烂,需要复检,高,8,mango_overripe,0.6115,芒果#180连续检测8帧; 多帧稳定性高; 视觉判断mango_overripe; 未读取到光谱数据; 成熟度=过熟; 糖度=较高; 腐烂=疑似腐烂
2026-07-19 06:42:22,181,C级,复检通道,过熟,16-20 Brix,疑似腐烂,需要复检,高,40,mango_overripe,0.8596,芒果#181连续检测40帧; 多帧稳定性高; 视觉判断mango_overripe; 未读取到光谱数据; 成熟度=过熟; 糖度=较高; 腐烂=疑似腐烂
2026-07-19 06:42:28,182,C级,复检通道,过熟,16-20 Brix,疑似腐烂,需要复检,高,40,mango_overripe,0.9112,芒果#182连续检测40帧; 多帧稳定性高; 视觉判断mango_overripe; 未读取到光谱数据; 成熟度=过熟; 糖度=较高; 腐烂=疑似腐烂
2026-07-19 06:42:46,183,A级,销售通道,成熟,16-20 Brix,正常,可接受,高,37,mango_ripe,0.7205,芒果#183连续检测37帧; 多帧稳定性高; 视觉判断mango_ripe; 未读取到光谱数据; 成熟度=成熟; 糖度=较高; 腐烂=正常
2026-07-19 06:42:52,184,A级,销售通道,成熟,12-16 Brix,正常,可接受,高,38,mango_ripe,0.7758,芒果#184连续检测38帧; 多帧稳定性高; 视觉判断mango_ripe; 未读取到光谱数据; 成熟度=成熟; 糖度=中等; 腐烂=正常
2026-07-19 06:43:41,185,C级,复检通道,过熟,16-20 Brix,疑似腐烂,需要复检,高,17,mango_overripe,0.5867,芒果#185连续检测17帧; 多帧稳定性高; 视觉判断mango_overripe; 未读取到光谱数据; 成熟度=过熟; 糖度=较高; 腐烂=疑似腐烂
2026-07-19 06:43:50,186,C级,复检通道,过熟,16-20 Brix,疑似腐烂,需要复检,高,40,mango_overripe,0.9059,芒果#186连续检测40帧; 多帧稳定性高; 视觉判断mango_overripe; 未读取到光谱数据; 成熟度=过熟; 糖度=较高; 腐烂=疑似腐烂
2026-07-19 06:43:53,187,C级,复检通道,过熟,16-20 Brix,疑似腐烂,需要复检,高,10,mango_overripe,0.6976,芒果#187连续检测10帧; 多帧稳定性高; 视觉判断mango_overripe; 未读取到光谱数据; 成熟度=过熟; 糖度=较高; 腐烂=疑似腐烂
2026-07-19 06:44:02,188,剔除,剔除通道,过熟,不建议参考,腐烂/建议剔除,建议剔除,高,40,mango_overripe,0.9061,芒果#188连续检测40帧; 多帧稳定性高; 视觉判断mango_overripe; 未读取到光谱数据; 成熟度=过熟; 糖度=过熟异常，糖度参考不可靠; 腐烂=腐烂/建议剔除
2026-07-19 06:44:04,189,C级,复检通道,过熟,16-20 Brix,疑似腐烂,需要复检,高,31,mango_overripe,0.7350,芒果#189连续检测31帧; 多帧稳定性高; 视觉判断mango_overripe; 未读取到光谱数据; 成熟度=过熟; 糖度=较高; 腐烂=疑似腐烂
2026-07-19 06:44:08,190,剔除,剔除通道,过熟,不建议参考,腐烂/建议剔除,建议剔除,高,40,mango_overripe,0.8656,芒果#190连续检测40帧; 多帧稳定性高; 视觉判断mango_overripe; 未读取到光谱数据; 成熟度=过熟; 糖度=过熟异常，糖度参考不可靠; 腐烂=腐烂/建议剔除
2026-07-19 06:44:11,191,C级,复检通道,过熟,16-20 Brix,疑似腐烂,需要复检,高,24,mango_overripe,0.5657,芒果#191连续检测24帧; 多帧稳定性高; 视觉判断mango_overripe; 未读取到光谱数据; 成熟度=过熟; 糖度=较高; 腐烂=疑似腐烂
2026-07-19 06:44:15,192,C级,复检通道,过熟,16-20 Brix,疑似腐烂,需要复检,高,40,mango_overripe,0.7595,芒果#192连续检测40帧; 多帧稳定性高; 视觉判断mango_overripe; 未读取到光谱数据; 成熟度=过熟; 糖度=较高; 腐烂=疑似腐烂
2026-07-19 06:44:40,193,C级,复检通道,过熟,16-20 Brix,疑似腐烂,需要复检,高,40,mango_overripe,0.8305,芒果#193连续检测40帧; 多帧稳定性高; 视觉判断mango_overripe; 未读取到光谱数据; 成熟度=过熟; 糖度=较高; 腐烂=疑似腐烂
2026-07-19 06:44:42,194,A级,销售通道,成熟,12-16 Brix,正常,可接受,高,6,mango_ripe,0.5871,芒果#194连续检测6帧; 多帧稳定性高; 视觉判断mango_ripe; 未读取到光谱数据; 成熟度=成熟; 糖度=中等; 腐烂=正常
2026-07-19 06:44:46,195,A级,销售通道,成熟,16-20 Brix,正常,可接受,高,40,mango_ripe,0.8574,芒果#195连续检测40帧; 多帧稳定性高; 视觉判断mango_ripe; 未读取到光谱数据; 成熟度=成熟; 糖度=较高; 腐烂=正常
2026-07-19 06:44:55,196,剔除,剔除通道,未熟,不建议参考,腐烂/建议剔除,建议剔除,高,40,mango_unripe,0.8880,芒果#196连续检测40帧; 多帧稳定性高; 视觉判断mango_unripe; 未读取到光谱数据; 成熟度=未熟; 糖度=过熟异常，糖度参考不可靠; 腐烂=腐烂/建议剔除
2026-07-19 06:48:38,197,A级,销售通道,成熟,16-20 Brix,正常,可接受,高,40,mango_ripe,0.8881,芒果#197连续检测40帧; 多帧稳定性高; 视觉判断mango_ripe; 未读取到光谱数据; 成熟度=成熟; 糖度=较高; 腐烂=正常
2026-07-19 06:48:58,198,C级,复检通道,过熟,16-20 Brix,疑似腐烂,需要复检,高,40,mango_overripe,0.8117,芒果#198连续检测40帧; 多帧稳定性高; 视觉判断mango_overripe; 未读取到光谱数据; 成熟度=过熟; 糖度=较高; 腐烂=疑似腐烂
2026-07-19 06:49:04,199,C级,复检通道,过熟,16-20 Brix,疑似腐烂,需要复检,高,40,mango_overripe,0.6795,芒果#199连续检测40帧; 多帧稳定性高; 视觉判断mango_overripe; 未读取到光谱数据; 成熟度=过熟; 糖度=较高; 腐烂=疑似腐烂
2026-07-19 06:49:05,200,C级,复检通道,成熟,16-20 Brix,疑似腐烂,需要复检,中,5,mango_overripe,0.5820,芒果#200连续检测5帧; 多帧稳定性中; 视觉判断mango_overripe; 未读取到光谱数据; 成熟度=成熟; 糖度=较高; 腐烂=疑似腐烂
2026-07-19 06:49:11,201,C级,复检通道,成熟,16-20 Brix,疑似腐烂,需要复检,中,8,mango_ripe,0.5720,芒果#201连续检测8帧; 多帧稳定性中; 视觉判断mango_ripe; 未读取到光谱数据; 成熟度=成熟; 糖度=较高; 腐烂=疑似腐烂
2026-07-19 06:49:15,202,C级,复检通道,过熟,16-20 Brix,疑似腐烂,需要复检,高,40,mango_overripe,0.8486,芒果#202连续检测40帧; 多帧稳定性高; 视觉判断mango_overripe; 未读取到光谱数据; 成熟度=过熟; 糖度=较高; 腐烂=疑似腐烂
2026-07-19 06:49:24,203,剔除,剔除通道,未熟,不建议参考,腐烂/建议剔除,建议剔除,高,40,mango_unripe,0.8921,芒果#203连续检测40帧; 多帧稳定性高; 视觉判断mango_unripe; 未读取到光谱数据; 成熟度=未熟; 糖度=过熟异常，糖度参考不可靠; 腐烂=腐烂/建议剔除
2026-07-19 06:49:38,204,C级,复检通道,未熟,12-16 Brix,疑似腐烂,需要复检,高,40,mango_unripe,0.8770,芒果#204连续检测40帧; 多帧稳定性高; 视觉判断mango_unripe; 未读取到光谱数据; 成熟度=未熟; 糖度=中等; 腐烂=疑似腐烂
2026-07-19 06:49:42,205,C级,复检通道,成熟,16-20 Brix,疑似腐烂,需要复检,低,11,mango_overripe,0.5680,芒果#205连续检测11帧; 多帧稳定性低; 视觉判断mango_overripe; 未读取到光谱数据; 成熟度=成熟; 糖度=较高; 腐烂=疑似腐烂
2026-07-19 06:51:06,206,剔除,剔除通道,未熟,不建议参考,腐烂/建议剔除,建议剔除,高,40,mango_unripe,0.7667,芒果#206连续检测40帧; 多帧稳定性高; 视觉判断mango_unripe; 未读取到光谱数据; 成熟度=未熟; 糖度=过熟异常，糖度参考不可靠; 腐烂=腐烂/建议剔除
2026-07-19 06:51:13,207,B级,催熟通道,未熟,12-16 Brix,正常,可接受,高,40,mango_unripe,0.7035,芒果#207连续检测40帧; 多帧稳定性高; 视觉判断mango_unripe; 未读取到光谱数据; 成熟度=未熟; 糖度=中等; 腐烂=正常
2026-07-19 06:51:29,208,C级,复检通道,过熟,18-22 Brix,疑似腐烂,需要复检,高,40,mango_overripe,0.9014,芒果#208连续检测40帧; 多帧稳定性高; 视觉判断mango_overripe; 未读取到光谱数据; 成熟度=过熟; 糖度=过熟偏高，仅供参考; 腐烂=疑似腐烂
2026-07-19 06:51:38,209,C级,复检通道,过熟,16-20 Brix,疑似腐烂,需要复检,高,40,mango_overripe,0.7236,芒果#209连续检测40帧; 多帧稳定性高; 视觉判断mango_overripe; 未读取到光谱数据; 成熟度=过熟; 糖度=较高; 腐烂=疑似腐烂
2026-07-19 07:08:49,210,C级,复检通道,过熟,16-20 Brix,疑似腐烂,需要复检,高,8,mango_overripe,0.6896,芒果#210连续检测8帧; 多帧稳定性高; 视觉判断mango_overripe; 未读取到光谱数据; 成熟度=过熟; 糖度=较高; 腐烂=疑似腐烂
2026-07-19 07:08:58,211,C级,复检通道,过熟,16-20 Brix,疑似腐烂,需要复检,高,24,mango_overripe,0.8405,芒果#211连续检测24帧; 多帧稳定性高; 视觉判断mango_overripe; 未读取到光谱数据; 成熟度=过熟; 糖度=较高; 腐烂=疑似腐烂
2026-07-19 07:09:56,212,A级,销售通道,成熟,16-20 Brix,正常,可接受,高,21,mango_ripe,0.7386,芒果#212连续检测21帧; 多帧稳定性高; 视觉判断mango_ripe; 未读取到光谱数据; 成熟度=成熟; 糖度=较高; 腐烂=正常
2026-07-19 07:10:11,213,C级,复检通道,过熟,16-20 Brix,疑似腐烂,需要复检,高,29,mango_overripe,0.7625,芒果#213连续检测29帧; 多帧稳定性高; 视觉判断mango_overripe; 未读取到光谱数据; 成熟度=过熟; 糖度=较高; 腐烂=疑似腐烂
2026-07-19 07:10:15,214,剔除,剔除通道,未熟,不建议参考,腐烂/建议剔除,建议剔除,高,40,mango_unripe,0.8094,芒果#214连续检测40帧; 多帧稳定性高; 视觉判断mango_unripe; 未读取到光谱数据; 成熟度=未熟; 糖度=过熟异常，糖度参考不可靠; 腐烂=腐烂/建议剔除
2026-07-19 07:10:17,215,A级,销售通道,成熟,12-16 Brix,正常,可接受,高,33,mango_ripe,0.7327,芒果#215连续检测33帧; 多帧稳定性高; 视觉判断mango_ripe; 未读取到光谱数据; 成熟度=成熟; 糖度=中等; 腐烂=正常
2026-07-19 08:42:46,216,C级,复检通道,成熟,12-16 Brix,疑似腐烂,需要复检,高,40,mango_ripe,0.9189,芒果#216连续检测40帧; 多帧稳定性高; 视觉判断mango_ripe; 未读取到光谱数据; 成熟度=成熟; 糖度=中等; 腐烂=疑似腐烂
2026-07-19 08:42:54,217,C级,复检通道,成熟,12-16 Brix,疑似腐烂,需要复检,低,40,mango_ripe,0.7153,芒果#217连续检测40帧; 多帧稳定性低; 视觉判断mango_ripe; 未读取到光谱数据; 成熟度=成熟; 糖度=中等; 腐烂=疑似腐烂
2026-07-19 08:43:10,218,剔除,剔除通道,成熟,不建议参考,腐烂/建议剔除,建议剔除,低,40,mango_ripe,0.7767,芒果#218连续检测40帧; 多帧稳定性低; 视觉判断mango_ripe; 未读取到光谱数据; 成熟度=成熟; 糖度=过熟异常，糖度参考不可靠; 腐烂=腐烂/建议剔除
2026-07-19 08:43:13,219,B级,催熟通道,未熟,8-12 Brix,正常,可接受,中,40,mango_unripe,0.6516,芒果#219连续检测40帧; 多帧稳定性中; 视觉判断mango_unripe; 未读取到光谱数据; 成熟度=未熟; 糖度=偏低; 腐烂=正常
2026-07-19 08:43:24,220,B级,催熟通道,未熟,8-12 Brix,正常,可接受,高,40,mango_unripe,0.6214,芒果#220连续检测40帧; 多帧稳定性高; 视觉判断mango_unripe; 未读取到光谱数据; 成熟度=未熟; 糖度=偏低; 腐烂=正常
2026-07-19 08:43:41,221,C级,复检通道,成熟,12-16 Brix,疑似腐烂,需要复检,高,40,mango_overripe,0.7991,芒果#221连续检测40帧; 多帧稳定性高; 视觉判断mango_overripe; 未读取到光谱数据; 成熟度=成熟; 糖度=中等; 腐烂=疑似腐烂
2026-07-19 08:44:26,222,剔除,剔除通道,过熟,不建议参考,腐烂/建议剔除,建议剔除,高,40,mango_overripe,0.8607,芒果#222连续检测40帧; 多帧稳定性高; 视觉判断mango_overripe; 未读取到光谱数据; 成熟度=过熟; 糖度=过熟异常，糖度参考不可靠; 腐烂=腐烂/建议剔除
2026-07-19 08:45:35,223,剔除,剔除通道,未熟,不建议参考,腐烂/建议剔除,建议剔除,中,40,mango_unripe,0.7062,芒果#223连续检测40帧; 多帧稳定性中; 视觉判断mango_unripe; 未读取到光谱数据; 成熟度=未熟; 糖度=过熟异常，糖度参考不可靠; 腐烂=腐烂/建议剔除
2026-07-19 09:25:31,224,A级,销售通道,成熟,12-16 Brix,正常,可接受,高,40,mango_ripe,0.8857,芒果#224连续检测40帧; 多帧稳定性高; 视觉判断mango_ripe; 未读取到光谱数据; 成熟度=成熟; 糖度=中等; 腐烂=正常
2026-07-19 09:25:38,225,剔除,剔除通道,成熟,不建议参考,腐烂/建议剔除,建议剔除,中,4,mango_ripe,0.5629,芒果#225连续检测4帧; 多帧稳定性中; 视觉判断mango_ripe; 未读取到光谱数据; 成熟度=成熟; 糖度=过熟异常，糖度参考不可靠; 腐烂=腐烂/建议剔除
2026-07-19 09:26:10,226,C级,复检通道,过熟,16-20 Brix,疑似腐烂,需要复检,高,40,mango_overripe,0.8949,芒果#226连续检测40帧; 多帧稳定性高; 视觉判断mango_overripe; 未读取到光谱数据; 成熟度=过熟; 糖度=较高; 腐烂=疑似腐烂
2026-07-19 09:26:15,227,剔除,剔除通道,过熟,不建议参考,腐烂/建议剔除,建议剔除,高,40,mango_overripe,0.9271,芒果#227连续检测40帧; 多帧稳定性高; 视觉判断mango_overripe; 未读取到光谱数据; 成熟度=过熟; 糖度=过熟异常，糖度参考不可靠; 腐烂=腐烂/建议剔除
2026-07-19 09:26:18,228,C级,复检通道,未熟,8-12 Brix,疑似腐烂,需要复检,高,40,mango_unripe,0.8791,芒果#228连续检测40帧; 多帧稳定性高; 视觉判断mango_unripe; 未读取到光谱数据; 成熟度=未熟; 糖度=偏低; 腐烂=疑似腐烂
2026-07-19 09:26:19,229,剔除,剔除通道,未熟,不建议参考,腐烂/建议剔除,建议剔除,高,8,mango_unripe,0.7382,芒果#229连续检测8帧; 多帧稳定性高; 视觉判断mango_unripe; 未读取到光谱数据; 成熟度=未熟; 糖度=过熟异常，糖度参考不可靠; 腐烂=腐烂/建议剔除
2026-07-19 09:26:44,230,A级,销售通道,成熟,12-16 Brix,正常,可接受,高,40,mango_ripe,0.8599,芒果#230连续检测40帧; 多帧稳定性高; 视觉判断mango_ripe; 未读取到光谱数据; 成熟度=成熟; 糖度=中等; 腐烂=正常
2026-07-19 09:26:46,231,C级,复检通道,成熟,16-20 Brix,疑似腐烂,需要复检,高,5,mango_ripe,0.7959,芒果#231连续检测5帧; 多帧稳定性高; 视觉判断mango_ripe; 未读取到光谱数据; 成熟度=成熟; 糖度=较高; 腐烂=疑似腐烂
2026-07-19 09:33:15,232,C级,复检通道,成熟,12-16 Brix,疑似腐烂,需要复检,高,40,mango_ripe,0.8973,芒果#232连续检测40帧; 多帧稳定性高; 视觉判断mango_ripe; 未读取到光谱数据; 成熟度=成熟; 糖度=中等; 腐烂=疑似腐烂
2026-07-19 09:33:28,233,C级,复检通道,未熟,8-12 Brix,疑似腐烂,需要复检,高,40,mango_unripe,0.9112,芒果#233连续检测40帧; 多帧稳定性高; 视觉判断mango_unripe; 未读取到光谱数据; 成熟度=未熟; 糖度=偏低; 腐烂=疑似腐烂
2026-07-19 09:33:33,234,剔除,剔除通道,过熟,不建议参考,腐烂/建议剔除,建议剔除,高,31,mango_overripe,0.8938,芒果#234连续检测31帧; 多帧稳定性高; 视觉判断mango_overripe; 未读取到光谱数据; 成熟度=过熟; 糖度=过熟异常，糖度参考不可靠; 腐烂=腐烂/建议剔除
2026-07-19 09:36:07,235,C级,复检通道,成熟,12-16 Brix,疑似腐烂,需要复检,高,29,mango_ripe,0.8151,芒果#235连续检测29帧; 多帧稳定性高; 视觉判断mango_ripe; 未读取到光谱数据; 成熟度=成熟; 糖度=中等; 腐烂=疑似腐烂
